<?xml version="1.0" encoding="UTF-8" standalone="no"?>
<!--
Licensed to the Apache Software Foundation (ASF) under one
or more contributor license agreements.  See the NOTICE file
distributed with this work for additional information
regarding copyright ownership.  The ASF licenses this file
to you under the Apache License, Version 2.0 (the
"License"); you may not use this file except in compliance
with the License.  You may obtain a copy of the License at

  http://www.apache.org/licenses/LICENSE-2.0

Unless required by applicable law or agreed to in writing,
software distributed under the License is distributed on an
"AS IS" BASIS, WITHOUT WARRANTIES OR CONDITIONS OF ANY
KIND, either express or implied.  See the License for the
specific language governing permissions and limitations
under the License.
--><configuration xmlns="urn:activemq" xmlns:xsi="http://www.w3.org/2001/XMLSchema-instance" xsi:schemaLocation="urn:activemq /schema/artemis-server.xsd">

   

   <core xmlns="urn:activemq:core">

      <bindings-directory>./data/bindings</bindings-directory>

      <journal-directory>./data/journal</journal-directory>

      <large-messages-directory>./data/largemessages</large-messages-directory>

      <paging-directory>./data/paging</paging-directory>

      <!-- Connectors -->

      <connectors>
         <!-- This connector corresponds to the New York server -->
         <connector name="newyork-connector">tcp://localhost:61617</connector>
      </connectors>

      <!-- Acceptors -->

      <acceptors>
         <acceptor name="netty-acceptor">tcp://localhost:61616</acceptor>
      </acceptors>

      <!-- Divert configuration -->

      <!-- We need to create a core queue for the JMS queue explicitly because the bridge will be deployed
      before the JMS queue is deployed, so the first time, it otherwise won't find the queue -->
      

      <diverts>
         <divert name="order-divert">
            <routing-name>order-divert</routing-name>
            <address>orders</address>
            <forwarding-address>spyTopic</forwarding-address>
            <exclusive>false</exclusive>
         </divert>

         <divert name="prices-divert">
            <routing-name>prices-divert</routing-name>
            <address>priceUpdates</address>
            <forwarding-address>priceForwarding</forwarding-address>
            <filter string="office='New York'"/>
            <transformer-class-name>org.apache.activemq.artemis.jms.example.AddForwardingTimeTransformer
            </transformer-class-name>
            <exclusive>true</exclusive>
         </divert>
      </diverts>

      <!-- Bridge configuration -->

      <bridges>
         <bridge name="price-forward-bridge">
            <queue-name>priceForwarding</queue-name>
            <forwarding-address>newYorkPriceUpdates</forwarding-address>
            <reconnect-attempts>-1</reconnect-attempts>
            <static-connectors>
               <connector-ref>newyork-connector</connector-ref>
            </static-connectors>
         </bridge>
      </bridges>

      <!-- Other config -->

      <security-settings>
         <!--security for example -->
         <security-setting match="#">
            <permission roles="guest" type="createDurableQueue"/>
            <permission roles="guest" type="deleteDurableQueue"/>
            <permission roles="guest" type="createNonDurableQueue"/>
            <permission roles="guest" type="deleteNonDurableQueue"/>
            <permission roles="guest" type="consume"/>
            <permission roles="guest" type="send"/>
         </security-setting>
      </security-settings>

   <addresses>
         <address name="priceForwarding">
            <multicast>
               <queue name="priceForwarding"/>
            </multicast>
            <anycast>
               <queue name="jms.queue.priceForwarding"/>
            </anycast>
         </address>
         <address name="orders">
            <anycast>
               <queue name="jms.queue.orders"/>
            </anycast>
         </address>
         <address name="spyTopic">
            <multicast/>
         </address>
         <address name="priceUpdates">
            <multicast/>
         </address>
      </addresses>
   </core>
</configuration>
